{"cameraMode":{"drawMode":0,"name":"Shaded","section":"Shading Mode"},"sceneLighting":true,"audioPlay":false,"sceneViewState":{"m_AlwaysRefresh":false,"showFog":true,"showSkybox":true,"showFlares":true,"showImageEffects":true,"showParticleSystems":true,"showVisualEffectGraphs":true,"m_FxEnabled":true},"in2DMode":false,"pivot":{"x":5.170000076293945,"y":2.140000343322754,"z":-7.760000228881836},"rotation":{"x":0.08666227757930756,"y":-0.22125324606895448,"z":0.019744087010622026,"w":0.9711615443229675},"size":4.402839660644531,"orthographic":true}